scene_0000_N12,12
scene_0001_N12,12
scene_0002_N5,5
scene_0003_N11,11
scene_0004_N13,13
scene_0005_N13,13
scene_0006_N12,12
scene_0007_N12,12
scene_0008_N10,10
scene_0009_N10,10
scene_0010_N7,7
scene_0011_N6,6
scene_0012_N8,8
scene_0013_N12,12
scene_0014_N11,11
scene_0015_N11,11
scene_0016_N7,7
scene_0017_N12,12
scene_0018_N10,10
scene_0019_N11,11
scene_0020_N5,5
scene_0021_N12,12
scene_0022_N12,12
scene_0023_N8,8
scene_0024_N11,11
scene_0025_N11,11
scene_0026_N12,12
scene_0027_N5,5
scene_0028_N10,10
scene_0029_N10,10
scene_0030_N11,11
scene_0031_N11,11
scene_0032_N6,6
scene_0033_N10,10
scene_0034_N9,9
scene_0035_N5,5
scene_0036_N13,13
scene_0037_N10,10
scene_0038_N13,13
scene_0039_N13,13
scene_0040_N11,11
scene_0041_N10,10
scene_0042_N7,7
scene_0043_N11,11
scene_0044_N3,3
scene_0045_N7,7
scene_0046_N3,3
scene_0047_N11,11
scene_0048_N9,9
scene_0049_N12,12
scene_0050_N12,12
scene_0051_N12,12
scene_0052_N12,12
scene_0053_N9,9
scene_0054_N11,11
scene_0055_N11,11
scene_0056_N11,11
scene_0057_N4,4
scene_0058_N7,7
scene_0059_N11,11
scene_0060_N12,12
scene_0061_N11,11
scene_0062_N12,12
scene_0063_N12,12
scene_0064_N11,11
scene_0065_N8,8
scene_0066_N6,6
scene_0067_N6,6
scene_0068_N6,6
scene_0069_N12,12
scene_0070_N12,12
scene_0071_N4,4
scene_0072_N11,11
scene_0073_N12,12
scene_0074_N4,4
scene_0075_N11,11
scene_0076_N12,12
scene_0077_N11,11
scene_0078_N11,11
scene_0079_N12,12
scene_0080_N9,9
scene_0081_N13,13
scene_0082_N3,3
scene_0083_N11,11
scene_0084_N8,8
scene_0085_N12,12
scene_0086_N13,13
scene_0087_N11,11
scene_0088_N11,11
scene_0089_N11,11
scene_0090_N7,7
scene_0091_N12,12
scene_0092_N10,10
scene_0093_N10,10
scene_0094_N3,3
scene_0095_N11,11
scene_0096_N6,6
scene_0097_N7,7
scene_0098_N11,11
scene_0099_N12,12
scene_0100_N5,5
scene_0101_N11,11
scene_0102_N4,4
scene_0103_N11,11
scene_0104_N10,10
scene_0105_N11,11
scene_0106_N10,10
scene_0107_N12,12
scene_0108_N10,10
scene_0109_N5,5
scene_0110_N11,11
scene_0111_N6,6
scene_0112_N10,10
scene_0113_N13,13
scene_0114_N8,8
scene_0115_N4,4
scene_0116_N11,11
scene_0117_N11,11
scene_0118_N4,4
scene_0119_N3,3
