scene_0000_N14,14
scene_0001_N11,11
scene_0002_N14,14
scene_0003_N10,10
scene_0004_N5,5
scene_0005_N12,12
scene_0006_N10,10
scene_0007_N7,7
scene_0008_N10,10
scene_0009_N6,6
scene_0010_N11,11
scene_0011_N5,5
scene_0012_N6,6
scene_0013_N9,9
scene_0014_N11,11
scene_0015_N6,6
scene_0016_N8,8
scene_0017_N17,17
scene_0018_N7,7
scene_0019_N7,7
scene_0020_N13,13
scene_0021_N15,15
scene_0022_N7,7
scene_0023_N3,3
scene_0024_N9,9
scene_0025_N5,5
scene_0026_N7,7
scene_0027_N4,4
scene_0028_N14,14
scene_0029_N7,7
scene_0030_N4,4
scene_0031_N12,12
scene_0032_N5,5
scene_0033_N6,6
scene_0034_N15,15
scene_0035_N6,6
scene_0036_N9,9
scene_0037_N14,14
scene_0038_N6,6
scene_0039_N6,6
scene_0040_N17,17
scene_0041_N5,5
scene_0042_N7,7
scene_0043_N17,17
scene_0044_N10,10
scene_0045_N11,11
scene_0046_N4,4
scene_0047_N5,5
scene_0048_N14,14
scene_0049_N4,4
scene_0050_N6,6
scene_0051_N9,9
scene_0052_N4,4
scene_0053_N9,9
scene_0054_N16,16
scene_0055_N11,11
scene_0056_N14,14
scene_0057_N14,14
scene_0058_N8,8
scene_0059_N8,8
scene_0060_N5,5
scene_0061_N16,16
scene_0062_N15,15
scene_0063_N10,10
scene_0064_N3,3
scene_0065_N3,3
scene_0066_N12,12
scene_0067_N6,6
scene_0068_N13,13
scene_0069_N10,10
scene_0070_N6,6
scene_0071_N14,14
scene_0072_N15,15
scene_0073_N15,15
scene_0074_N9,9
scene_0075_N7,7
scene_0076_N16,16
scene_0077_N8,8
scene_0078_N15,15
scene_0079_N8,8
scene_0080_N15,15
scene_0081_N4,4
scene_0082_N14,14
scene_0083_N3,3
scene_0084_N4,4
scene_0085_N6,6
scene_0086_N9,9
scene_0087_N14,14
scene_0088_N3,3
scene_0089_N8,8
scene_0090_N4,4
scene_0091_N14,14
scene_0092_N7,7
scene_0093_N7,7
scene_0094_N16,16
scene_0095_N8,8
scene_0096_N9,9
scene_0097_N16,16
scene_0098_N4,4
scene_0099_N4,4
scene_0100_N15,15
scene_0101_N15,15
scene_0102_N14,14
scene_0103_N15,15
scene_0104_N17,17
scene_0105_N9,9
scene_0106_N13,13
scene_0107_N8,8
scene_0108_N15,15
scene_0109_N12,12
scene_0110_N3,3
scene_0111_N15,15
scene_0112_N10,10
scene_0113_N9,9
scene_0114_N13,13
scene_0115_N14,14
scene_0116_N3,3
scene_0117_N15,15
scene_0118_N4,4
scene_0119_N15,15
